congress,year,n,known,dem_x,rep_x,dem_y,rep_y,dem_sd_x,rep_sd_x,dem_sd_y,rep_sd_y,d_x,d_y,d_dim1,r_x_dim1,r_y_dim1,r_x_dim1_dem,r_x_dim1_rep,dem_dim1,rep_dim1
80,1947,547,0.622,1.1134,1.1118,2.6648,2.5985,0.1638,0.1582,0.2972,0.2202,-0.0102,-0.2536,2.9979,0.1131,0.015,0.3261,0.0394,-0.2284,0.2866
81,1949,552,0.694,1.0831,1.0853,2.6063,2.5692,0.1662,0.1708,0.2716,0.2312,0.0126,-0.1469,3.1422,0.1266,0.0848,0.3159,0.0231,-0.2688,0.2753
82,1951,546,0.742,1.1673,1.1619,2.6479,2.6096,0.168,0.1587,0.2745,0.2145,-0.033,-0.1553,3.1591,0.1082,0.0781,0.3684,0.0252,-0.2514,0.2793
83,1953,547,0.753,1.1401,1.1394,2.6181,2.5681,0.1778,0.1585,0.275,0.2095,-0.0038,-0.2046,3.0296,0.1312,0.0716,0.3816,0.0068,-0.2413,0.2784
84,1955,537,0.717,1.0918,1.1027,2.5783,2.5103,0.1827,0.1594,0.289,0.2086,0.0634,-0.2698,3.2193,0.1607,0.0652,0.3833,-0.0074,-0.2704,0.2779
85,1957,545,0.694,1.1025,1.1071,2.6036,2.5426,0.189,0.1597,0.2988,0.2052,0.0264,-0.2379,3.1429,0.1381,0.0827,0.3618,0.0003,-0.2739,0.2682
86,1959,545,0.758,1.0581,1.0901,2.5211,2.5071,0.1808,0.1673,0.2791,0.2023,0.1835,-0.0574,3.1772,0.1991,0.1669,0.3089,0.027,-0.2911,0.2647
87,1961,554,0.727,1.0783,1.1074,2.4362,2.4187,0.1811,0.1683,0.2938,0.225,0.1664,-0.067,3.1541,0.215,0.166,0.3935,0.0261,-0.2774,0.2636
88,1963,545,0.719,1.0587,1.102,2.3798,2.3831,0.1924,0.187,0.3006,0.2283,0.2283,0.0124,3.2022,0.2643,0.2174,0.4276,0.1093,-0.2919,0.2595
89,1965,546,0.747,1.0615,1.1252,2.3879,2.4275,0.1951,0.1807,0.293,0.2472,0.3387,0.1462,3.2266,0.326,0.2787,0.436,0.159,-0.3001,0.2517
90,1967,539,0.712,1.0591,1.1278,2.3785,2.4136,0.1926,0.1758,0.2931,0.2426,0.3721,0.1307,3.1796,0.3007,0.2341,0.3875,0.0867,-0.2962,0.2446
91,1969,551,0.695,1.0236,1.1236,2.2704,2.3262,0.1996,0.1894,0.2977,0.2535,0.5137,0.2016,3.258,0.3618,0.2575,0.4311,0.1033,-0.3059,0.2539
92,1971,546,0.7,1.0135,1.1114,2.2428,2.308,0.2102,0.1812,0.2865,0.2491,0.4988,0.2428,3.2336,0.3467,0.2666,0.3919,0.0955,-0.3063,0.2511
93,1973,544,0.689,0.9959,1.1186,2.2256,2.3283,0.2211,0.1772,0.2859,0.2848,0.6125,0.36,3.5496,0.3838,0.3099,0.3742,0.123,-0.3239,0.2616
94,1975,542,0.76,0.9787,1.1258,2.1743,2.3332,0.2131,0.1878,0.2728,0.3145,0.7323,0.54,3.4321,0.4292,0.3829,0.3493,0.2243,-0.3169,0.2662
95,1977,545,0.749,0.9627,1.1246,2.1904,2.3701,0.1972,0.2011,0.2563,0.3356,0.8126,0.602,3.3225,0.4616,0.4157,0.3417,0.2629,-0.3084,0.2675
96,1979,543,0.748,0.9544,1.1472,2.1467,2.3632,0.2024,0.2135,0.2508,0.34,0.9269,0.7244,3.419,0.5205,0.4558,0.3775,0.3296,-0.3033,0.2911
97,1981,545,0.738,0.9275,1.1158,2.1361,2.3414,0.2066,0.2047,0.2699,0.3245,0.9158,0.6881,3.4638,0.528,0.447,0.4254,0.3054,-0.3003,0.3074
98,1983,540,0.752,0.9287,1.1289,2.0844,2.2984,0.2027,0.2041,0.264,0.3272,0.9842,0.7196,3.723,0.5516,0.4471,0.4214,0.343,-0.3017,0.3211
99,1985,539,0.759,0.9279,1.1237,2.0783,2.3004,0.2114,0.2066,0.2703,0.3417,0.9366,0.7207,4.0632,0.533,0.4372,0.421,0.3385,-0.3089,0.3296
100,1987,542,0.766,0.924,1.1414,2.0958,2.3465,0.2158,0.2052,0.2656,0.3469,1.0325,0.8113,4.0565,0.5657,0.4717,0.4348,0.3575,-0.3067,0.331
101,1989,545,0.765,0.8869,1.1297,2.0602,2.3408,0.2208,0.2173,0.2621,0.3548,1.1083,0.8995,4.0624,0.5964,0.5088,0.4862,0.3466,-0.3092,0.3361
102,1991,543,0.788,0.8788,1.1329,2.0554,2.3613,0.2239,0.2228,0.2624,0.3569,1.1375,0.9767,4.1393,0.6027,0.5219,0.4983,0.3208,-0.3115,0.3396
103,1993,544,0.84,0.8595,1.1817,2.0229,2.3879,0.2372,0.2215,0.2786,0.3624,1.4039,1.1294,4.5832,0.6616,0.5596,0.538,0.2545,-0.3271,0.3635
104,1995,547,0.863,0.7974,1.1628,1.9832,2.3689,0.257,0.2213,0.2971,0.3614,1.5239,1.1657,4.9144,0.678,0.5549,0.5305,0.2421,-0.3502,0.388
105,1997,544,0.899,0.7526,1.1684,1.9198,2.3661,0.2614,0.222,0.2947,0.3644,1.7144,1.3468,5.4689,0.7089,0.6083,0.4635,0.2789,-0.3642,0.3962
106,1999,542,0.897,0.7254,1.152,1.9012,2.3747,0.2711,0.2197,0.2946,0.3636,1.7288,1.4311,5.2861,0.719,0.6473,0.4782,0.308,-0.3589,0.396
107,2001,545,0.897,0.7112,1.1538,1.8875,2.3881,0.2788,0.217,0.2906,0.3449,1.7719,1.5697,5.3979,0.7252,0.6718,0.473,0.3086,-0.3612,0.4023
108,2003,540,0.909,0.7283,1.1839,1.8661,2.3814,0.2759,0.2174,0.2855,0.3298,1.8345,1.6706,5.5543,0.7363,0.691,0.4758,0.314,-0.3604,0.406
109,2005,539,0.92,0.6652,1.1527,1.8276,2.381,0.2747,0.2208,0.2821,0.3232,1.9562,1.8243,5.8712,0.7503,0.7127,0.4459,0.3213,-0.3728,0.4143
110,2007,550,0.94,0.6668,1.1791,1.8291,2.4261,0.279,0.2178,0.2771,0.3271,2.0468,1.9692,5.675,0.7638,0.7436,0.447,0.3373,-0.3558,0.4301
111,2009,557,0.953,0.682,1.2161,1.7997,2.4332,0.2794,0.2176,0.2855,0.3354,2.1331,2.0341,5.4674,0.7708,0.7499,0.4757,0.3013,-0.3405,0.4454
112,2011,546,0.963,0.6577,1.224,1.74,2.3689,0.2635,0.2116,0.2784,0.3376,2.3703,2.0322,6.0896,0.7968,0.7381,0.3912,0.3089,-0.3738,0.4634
113,2013,548,0.967,0.6187,1.2251,1.6149,2.3239,0.2536,0.2094,0.2569,0.3456,2.6074,2.3285,6.2788,0.8259,0.7709,0.4513,0.3202,-0.371,0.4798
114,2015,541,0.967,0.5734,1.2095,1.53,2.2372,0.2452,0.2066,0.2562,0.3479,2.8058,2.3147,6.5555,0.8446,0.7664,0.4364,0.3624,-0.3829,0.4792
115,2017,555,0.966,0.5653,1.2218,1.4724,2.1969,0.2512,0.2162,0.25,0.345,2.8012,2.4048,6.5224,0.8402,0.7715,0.4612,0.2991,-0.3781,0.4887
116,2019,551,0.955,0.5478,1.184,1.3945,2.127,0.2559,0.2044,0.2492,0.3508,2.7472,2.4076,6.5799,0.8286,0.7648,0.4299,0.2273,-0.3671,0.4999
117,2021,557,0.944,0.5587,1.1797,1.2842,1.9823,0.2663,0.2375,0.2522,0.4122,2.4613,2.0433,6.5111,0.79,0.7177,0.3552,0.1843,-0.3745,0.5068
118,2023,554,0.886,0.4906,1.0666,1.2015,1.8505,0.2798,0.2361,0.2628,0.4417,2.2252,1.7858,6.4553,0.7638,0.6707,0.3375,0.2414,-0.3776,0.5145
