key,step,claim,sealed,new,holds,note
s2_yearswap_internal_y1955,2,"same legislator in 1955, internal social position vs own year",0.3357166333333379,0.3357166333333379,True,
s2_yearswap_internal_y2015,2,"same legislator in 2015, internal social position vs own year",-0.21626153666665582,-0.21626153666665582,True,
s2_yearswap_output_y1955,2,"same legislator in 1955, judge score on social answers vs own year",0.17125204081095022,0.17125204081095022,True,
s2_yearswap_output_y2015,2,"same legislator in 2015, judge score on social answers vs own year",-0.15734443661074363,-0.15734443661074363,True,
s2_ordinary_internal_1955_minus_2023,2,"ordinary persons 1955 vs 2023, internal social position (paired)",0.9556049833333333,0.9556049833333333,True,
s2_ordinary_output_1955_minus_2023,2,"ordinary persons 1955 vs 2023, judge score on social answers",0.36791867553111524,0.36791867553111524,True,
s2_m2_ordinary_decade_ratio,2,"decade wording / numeric year, ordinary persons",1.1069910986410758,1.1069910986410758,True,
s2_m2_ordinary_era_ratio,2,"era wording / numeric year, ordinary persons",0.9183467282746011,0.9183467282746011,True,
s2_m2_legislator_decade_ratio,2,"decade wording / numeric year, legislators",0.936432888339186,0.936432888339186,True,
s2_m2_legislator_era_ratio,2,"era wording / numeric year, legislators",0.8117977346059325,0.8117977346059325,True,
s2_m2_employee_control_ratio,2,employee-number control / numeric year,-0.021892703724883368,-0.021892703724883368,True,
s2_tone_ordinary_sd,2,"tone shift 1955 vs 2023, ordinary persons (SD units)",0.8688117625426465,0.8688117625426465,True,
s2_ideology_ordinary_sd,2,"social-ideology shift 1955 vs 2023, ordinary persons (SD units)",0.8627159752972913,0.8627159752972913,True,
s2_formality_ordinary_sd,2,"formality shift 1955 vs 2023, ordinary persons (SD units)",0.061319056091457706,0.061319056091457706,True,
s2_time_direction_heldout_r,2,"time direction vs year, held-out persons (r)",0.8987536571390805,0.8987536571390805,True,
s2_time_direction_peak_year,2,year at which the held-out time projection peaks,2023.0,2023.0,True,
s2_wvs_yearswap_ratio,2,WVS-question year-swap shift / Kim-question shift,0.7924019018119263,0.7924019018119263,True,
s2_wvs_person_corr,2,"person-level r, WVS vs Kim-question year-swap shift",0.9182582400976987,0.9182582400976987,True,
s3_calendar_internal_kim_per_year,3,"within-member calendar drift, internal social position per year (Kim questions)",-0.008452274814192622,-0.008452274814192622,True,
s3_calendar_internal_wvs_per_year,3,within-member calendar drift per year (WVS questions),-0.007086682984247367,-0.007086682984247367,True,
s3_real_drift_internal_np1,3,within-member response to real roll-call change (Nokken-Poole dim1),0.015472827765868898,0.015472827765868898,True,
s3_calendar_output_per_decade,3,"calendar drift in social answers per decade, net of the record",-0.06021434511548228,-0.06021434511548228,True,
s3_rep_corr_raw,3,"Republican party-mean social position vs real ideology, uncorrected (r)",-0.6214875328424263,-0.6214875328424263,True,
s4_yearswap_dw_units,4,1955 vs 2015 year swap in DW-NOMINATE units,1.0960137138687038,1.0960137138687038,True,
s4_party_gap_dw_2023,4,"Republican - Democrat DW-NOMINATE gap, 2023",0.8921362668465395,0.8921362668465395,True,
s4_real_rep_change_dw,4,"real Republican change in DW-NOMINATE, 1947-2023",0.22791685531031886,0.22791685531031886,True,
s4_output_ratio,4,answers: year-swap shift / Republican - Democrat gap,2.0642961827284596,2.0642961827284596,True,
s5_rep_corr_corrected,5,"Republican party-mean social position vs real ideology, corrected (r)",0.8541618591069967,0.8541618591069967,True,
s5_baseline_corr_min,5,"corrected Republican r, minimum over 8 baseline groups",0.5867066246089451,0.5867066246089451,True,
s5_baseline_corr_max,5,"corrected Republican r, maximum over 8 baseline groups",0.8890805746610103,0.8890805746610103,True,
s5_rep_change_age70,5,Republican 1947-2023 change under the age-70 baseline,-0.1379420501332297,-0.1379420501332297,True,
s5_rep_change_south_rural,5,Republican 1947-2023 change under the Southern rural baseline,-0.0017069601332301149,-0.0017069601332301149,True,
s5_econ_output_ordinary_1955_minus_2023,5,"ordinary persons 1955 vs 2023, judge score on economic answers (+ = market)",0.13426326681252673,0.13426326681252673,True,
s5_econ_internal_slope_mean,5,mean per-century slope of internal economic position (+ = right) for ordinary persons,0.6252,0.6252,True,
judge_auc_social,0,"judge validation AUC, social",0.8752,0.8752,True,
judge_auc_economic,0,"judge validation AUC, economic",0.9464,0.9464,True,
